OnlinePOSCount.cnt.day.present,EMVTransactionsCount.cnt.day.present,NonEMVTransactionsCount.cnt.day.present,MerchantCategory,POS_Count.cnt.day.present,PinIndicator,DomesticAuthCount.cnt.hour1,DomesticAuthCount.cnt.hour3,DomesticAuthCount.cnt.hour4,DomesticAuthCount.cnt.hour10,DomesticAuthCount.cnt.hour15,DomesticAuthCounter.cnt.day.present,DomesticAuthCount.cnt.hour25,OnlinePOSCountForever.cnt.present,POSTerminalAttendedAuthCount.cnt.day.present,CustomerNotPresentAuthCount.cnt.day.present,DvcVerificationCap,ECommerceAuthCount.cnt.day.present,OnlineNewMerchCtryCntDaily.cnt.day.present,OnlineNewMerchCtryCntHourly.cnt.hour24,OnlineNewMerchCtryCntHourly.cnt.hour15,OnlineNewMerchCtryCntHourly.cnt.hour10,OnlineNewMerchCtryCntHourly.cnt.hour3,OnlineNewMerchCtryCntHourly.cnt.hour4,OnlineNewMerchCtryCntDaily.cnt.day.total,NotECommerceAuthCount.cnt.day.present,NewMerchantCountryCount.cnt.hour15,OnlineNewMerchCtryCntHourly.cnt.hour1,NewMerchantCountryCount.cnt.hour10,NewMerchantCountryCount.cnt.hour24,NewMerchantCountryCount.cnt.hour4,NewMerchantCountryCount.cnt.hour3,AuthResponse,NewMerchantCountryCount.cnt.hour1,AmountBase,CardType,POSSum.acc.month.total,NotECommerceAuthAmount.acc.day.total,NonEMVTransactionsAcc.acc.day.total,POSTerminalAttendedAuthAmount.acc.day.total,CustomerPresentAuthAmount.acc.day.total,EMVTransactionsAcc.acc.day.total,CustomerNotPresentAuthAmount.acc.day.total,HourlyAuthAmt.acc.hour25,NonEMVTransactionsAcc.acc.day.present,NotECommerceAuthAmount.acc.day.present,CustomerNotPresentAuthAmount.acc.day.present,POSTerminalAttendedAuthAmount.acc.day.present,CustomerPresentAuthAmount.acc.day.present,HighRiskPOSSum.acc.hour.total,EMVTransactionsAcc.acc.day.present,PosTerminalAttended_N,PosTerminalAttended_U,PosTerminalAttended_Y,TxnChannelCode_OnL,TxnChannelCode_POS,CustomerPresentIndicator_N,CustomerPresentIndicator_U,CustomerPresentIndicator_Y,DvcPosEntryMode_Card_Present,DvcPosEntryMode_E_Commerce,DvcPosEntryMode_U,ECommerceFlag_U,ECommerceFlag_Y
0.32069868695399123,-0.5098294589868065,-0.30725549170559296,-0.39607525293884777,-0.04606230907518031,-0.5468645177655107,-0.09865956179018964,-0.18325017833206717,-0.20850548159882065,-0.27894990165199235,-0.3053761869142483,-0.27921431939174823,-0.38920652821245344,-0.038672170429037964,-0.052625814820457154,-0.3822850491376648,1.20137839761888,-0.33246752967731424,-0.3860460128513022,-0.4017401643122391,-0.38775595615948133,-0.3803869623841687,-0.36015136384558616,-0.3635155499560636,-0.5329916004718532,-0.2204145152604851,0.5703962364557799,-0.34549226163713337,0.5945082427831416,0.5249401761767302,0.6454610307450327,0.655543050095503,-0.2178235980491589,0.6959496475255463,-0.13400381291569946,-0.17301438860023355,-0.6307722910685537,-0.6089126098313461,-0.5098544511729991,-0.549954704543337,-0.6308144928764456,-0.5731557565380954,-0.43998357637162794,-0.2683066414060526,-0.19432655214490105,-0.21030821979384184,-0.1907028191279398,-0.15211672831868328,-0.14612061817802424,-0.30439184906262384,-0.18617723808619563,-0.8607983691869038,-0.4070241549031835,1.1460280457694483,-1.1590039845879228,1.1590039845879228,-0.8937381983253208,-0.4070241549031835,1.1901897849242074,1.2317635241028795,-0.8587902311723306,-0.4657771652600663,0.8336288844917824,-0.8336288844917823
0.04009400930621731,-0.5098294589868065,-0.30725549170559296,-0.436768006817918,-0.5134435764480522,-0.5468645177655107,-0.7643266436505708,-0.6915155806082388,-0.6919218077053055,-0.6934708750992279,-0.700030044406574,-0.6869804940855601,-0.7061680268620747,-0.23888979038079475,-0.5421856072033292,-0.2267913006260129,1.20137839761888,-0.16268038082539393,0.6392485013207262,0.6061578326448629,0.6420799738931886,0.6641866396488463,0.7117374064672115,0.704476473838833,0.3970893597140899,-0.6404648025009164,0.5703962364557799,0.7431811958957041,0.5945082427831416,0.5249401761767302,0.6454610307450327,0.655543050095503,-0.2178235980491589,0.6959496475255463,0.5804749471678513,-0.4591595230155065,-0.6522706117677061,-0.5054141909060333,-0.3816391202269515,-0.43365156203776034,-0.6596894482393864,-0.5731557565380954,-0.26640036150273844,-0.23057443048481738,-0.15509752297335097,-0.3351218482082926,-0.1131073152500856,-0.288113071557676,-0.3117597950322929,-0.30439184906262384,-0.18617723808619563,1.1617122380756648,-0.4070241549031835,-0.8725789946341107,0.8628098033291439,-0.8628098033291439,1.1188958935332423,-0.4070241549031835,-0.8402021363875857,-0.8118441408859888,1.1644287087836396,-0.4657771652600663,-1.1995745572199612,1.1995745572199614
-0.2405106683415566,-0.5098294589868065,-0.005933565331006445,-1.1023851952684238,-0.5134435764480522,-0.5468645177655107,0.5670075200701915,0.3250152239441045,0.7583271706141491,0.5500920452424786,0.4839315280704032,0.5363180299958754,0.24471646908678896,-0.038672170429037964,-0.5421856072033292,0.08419619639729098,1.20137839761888,0.1768939168784466,-0.3860460128513022,-0.4017401643122391,-0.38775595615948133,-0.3803869623841687,-0.36015136384558616,-0.3635155499560636,-0.5329916004718532,-0.6404648025009164,-0.4500267107231103,-0.34549226163713337,-0.44085800110956624,-0.47256002844542944,-0.41371573403670064,-0.40756533352127083,-0.2178235980491589,-0.38467408877999915,-0.5596507338165382,-0.17301438860023355,-0.5743989167907765,-0.5551116695970426,-0.4382279854284478,-0.4894975643862531,-0.5550979432580677,-0.5731557565380954,-0.41034741773547606,-0.25385600743621783,-0.17930266863239253,-0.3351218482082926,-0.13756676755940922,-0.288113071557676,-0.3117597950322929,-0.30439184906262384,-0.18617723808619563,1.1617122380756648,-0.4070241549031835,-0.8725789946341107,0.8628098033291439,-0.8628098033291439,1.1188958935332423,-0.4070241549031835,-0.8402021363875857,-0.8118441408859888,1.1644287087836396,-0.4657771652600663,-1.1995745572199612,1.1995745572199614
0.8819080422495391,-0.5098294589868065,0.29538836104358007,-0.13157235272489132,1.823462760416307,-0.5468645177655107,-0.7643266436505708,-0.6915155806082388,-0.6919218077053055,-0.6934708750992279,-0.700030044406574,-0.6869804940855601,-0.7061680268620747,0.6620894994021108,0.4369339775624149,0.08419619639729098,-0.10083749388139503,-0.33246752967731424,-0.3860460128513022,-0.4017401643122391,-0.38775595615948133,-0.3803869623841687,-0.36015136384558616,-0.3635155499560636,-0.5329916004718532,1.4597866337012404,-0.4500267107231103,-0.34549226163713337,-0.44085800110956624,-0.47256002844542944,-0.41371573403670064,-0.40756533352127083,-0.2178235980491589,-0.38467408877999915,-0.726869167027582,-0.18984645533054373,0.9796907995279468,0.9075444005016496,0.4224767824964084,0.468082053864508,0.6441752028160711,0.3102340596200657,0.19037281366715786,0.3498593673035461,0.19295577839976352,1.0766589709684948,0.1179923376035236,0.1470752268071008,0.21828557090136674,3.6592393079034116,-0.18617723808619563,-0.8607983691869038,2.4568566458613845,-0.8725789946341107,-1.1590039845879228,1.1590039845879228,-0.8937381983253208,2.4568566458613845,-0.8402021363875857,1.2317635241028795,-0.8587902311723306,-0.4657771652600663,0.8336288844917824,-0.8336288844917823
0.6013033646017651,2.9389010898351438,-0.45791645489288624,1.2403547780551907,0.8887002256705634,1.8286064784126088,1.2326746019305725,0.8332806262202761,0.7583271706141491,0.5500920452424786,0.4839315280704032,0.5363180299958754,1.512562463685274,2.964592128847314,0.926493769945287,-0.3822850491376648,-0.10083749388139503,-0.33246752967731424,-0.3860460128513022,-0.4017401643122391,-0.38775595615948133,-0.3803869623841687,-0.36015136384558616,-0.3635155499560636,-0.5329916004718532,0.6196860592203776,-0.4500267107231103,-0.34549226163713337,-0.44085800110956624,-0.47256002844542944,-0.41371573403670064,-0.40756533352127083,-0.2178235980491589,-0.38467408877999915,0.07881964753471993,-0.49282365647612686,3.8919966435731164,1.7405470937904,-0.4588057545926283,2.090177865197793,2.6705554036197787,4.12400348221019,-0.3703621243374934,0.19009958063703944,-0.2318862609261724,0.5940462744326186,-0.1907028191279398,0.7243041503326034,0.9213318548828181,1.2792298372078705,1.7051886883315481,-0.8607983691869038,-0.4070241549031835,1.1460280457694483,-1.1590039845879228,1.1590039845879228,-0.8937381983253208,-0.4070241549031835,1.1901897849242074,1.2317635241028795,-0.8587902311723306,-0.4657771652600663,0.8336288844917824,-0.8336288844917823
-0.2405106683415566,-0.5098294589868065,-0.005933565331006445,-1.7621891331647768,-0.5134435764480522,-0.5468645177655107,-0.09865956179018964,-0.18325017833206717,-0.20850548159882065,-0.27894990165199235,-0.3053761869142483,-0.27921431939174823,-0.38920652821245344,-0.2989550763663218,-0.5421856072033292,0.08419619639729098,-0.10083749388139503,0.1768939168784466,-0.3860460128513022,-0.4017401643122391,-0.38775595615948133,-0.3803869623841687,-0.36015136384558616,-0.3635155499560636,0.3970893597140899,-0.6404648025009164,-0.4500267107231103,-0.34549226163713337,-0.44085800110956624,-0.47256002844542944,-0.41371573403670064,-0.40756533352127083,-0.2178235980491589,-0.38467408877999915,0.7476933803788951,-0.16740369969013016,-0.6470154667079133,-0.3134633787141539,0.06909316973461686,-0.21795278232477455,-0.6526311258173342,-0.5631482508967567,0.2694025700302295,-0.14868750465575364,-0.06996218306913592,-0.3351218482082926,-0.027077517472464667,-0.288113071557676,-0.3117597950322929,-0.30439184906262384,-0.18617723808619563,1.1617122380756648,-0.4070241549031835,-0.8725789946341107,0.8628098033291439,-0.8628098033291439,1.1188958935332423,-0.4070241549031835,-0.8402021363875857,-0.8118441408859888,1.1644287087836396,-0.4657771652600663,-1.1995745572199612,1.1995745572199614
0.32069868695399123,0.6397473906205101,-0.45791645489288624,-0.5220290149454937,-0.04606230907518031,1.8286064784126088,-0.09865956179018964,-0.18325017833206717,-0.20850548159882065,-0.27894990165199235,-0.3053761869142483,-0.27921431939174823,-0.38920652821245344,-0.038672170429037964,-0.052625814820457154,-0.3822850491376648,-0.10083749388139503,-0.33246752967731424,-0.3860460128513022,-0.4017401643122391,-0.38775595615948133,-0.3803869623841687,-0.36015136384558616,-0.3635155499560636,-0.5329916004718532,-0.2204145152604851,-0.4500267107231103,-0.34549226163713337,-0.44085800110956624,-0.47256002844542944,-0.41371573403670064,-0.40756533352127083,-0.2178235980491589,-0.38467408877999915,0.15482802626701256,-0.41427401173467937,-0.6073630085294768,-0.5728933362846513,-0.5157903461242049,-0.5402200802807556,-0.6186228450565373,-0.48763707196665645,-0.41175866338481665,-0.2530531944378937,-0.2318862609261724,-0.15760913224107376,-0.1907028191279398,-0.09469605006221966,-0.07618407683955528,-0.30439184906262384,0.17515834188614945,-0.8607983691869038,-0.4070241549031835,1.1460280457694483,-1.1590039845879228,1.1590039845879228,-0.8937381983253208,-0.4070241549031835,1.1901897849242074,-0.8118441408859888,-0.8587902311723306,2.1469493882158233,0.8336288844917824,-0.8336288844917823
0.04009400930621731,-0.5098294589868065,-0.30725549170559296,-0.8572597969016437,-0.5134435764480522,-0.5468645177655107,-0.7643266436505708,-0.6915155806082388,-0.6919218077053055,-0.6934708750992279,-0.700030044406574,-0.6869804940855601,-0.7061680268620747,0.461871879450354,-0.5421856072033292,-0.2267913006260129,1.20137839761888,-0.16268038082539393,0.6392485013207262,0.6061578326448629,0.6420799738931886,0.6641866396488463,0.7117374064672115,0.704476473838833,0.3970893597140899,-0.6404648025009164,0.5703962364557799,0.7431811958957041,0.5945082427831416,0.5249401761767302,0.6454610307450327,0.655543050095503,-0.2178235980491589,0.6959496475255463,1.1277352740403583,-0.17301438860023355,-0.3775698472785373,-0.378206883063909,-0.2767716427556472,-0.3055644006880063,-0.3247399660292738,-0.33479516762621253,-0.2640482854205042,-0.2016731625451478,-0.1250497559483339,-0.3351218482082926,-0.08274385721092528,-0.288113071557676,-0.3117597950322929,-0.30439184906262384,-0.18617723808619563,1.1617122380756648,-0.4070241549031835,-0.8725789946341107,0.8628098033291439,-0.8628098033291439,1.1188958935332423,-0.4070241549031835,-0.8402021363875857,-0.8118441408859888,1.1644287087836396,-0.4657771652600663,-1.1995745572199612,1.1995745572199614
0.04009400930621731,-0.5098294589868065,-0.30725549170559296,1.9805753486173252,-0.5134435764480522,-0.5468645177655107,-0.7643266436505708,-0.6915155806082388,-0.6919218077053055,-0.6934708750992279,-0.700030044406574,-0.6869804940855601,-0.7061680268620747,-1.2399778901395788,-0.5421856072033292,-0.2267913006260129,1.20137839761888,-0.16268038082539393,-0.3860460128513022,-0.4017401643122391,-0.38775595615948133,-0.3803869623841687,-0.36015136384558616,-0.3635155499560636,0.3970893597140899,-0.6404648025009164,-0.4500267107231103,-0.34549226163713337,-0.44085800110956624,-0.47256002844542944,-0.41371573403670064,-0.40756533352127083,-0.2178235980491589,-0.38467408877999915,0.9149118135899389,-0.17301438860023355,-0.6522706117677061,-0.6280620970333863,-0.07218113010408367,-0.5714733476500957,-0.6577644512151903,-0.5731557565380954,0.09958267689291482,-0.21291254452168598,-0.136734998680285,-0.3351218482082926,-0.09455186867059874,-0.288113071557676,-0.3117597950322929,-0.30439184906262384,-0.18617723808619563,1.1617122380756648,-0.4070241549031835,-0.8725789946341107,0.8628098033291439,-0.8628098033291439,1.1188958935332423,-0.4070241549031835,-0.8402021363875857,-0.8118441408859888,1.1644287087836396,-0.4657771652600663,-1.1995745572199612,1.1995745572199614
0.04009400930621731,-0.5098294589868065,-0.30725549170559296,3.34184485338146,-0.5134435764480522,-0.5468645177655107,-0.09865956179018964,-0.18325017833206717,-0.20850548159882065,-0.27894990165199235,-0.3053761869142483,-0.27921431939174823,-0.38920652821245344,-0.11875921840974069,-0.5421856072033292,-0.2267913006260129,1.20137839761888,-0.16268038082539393,-0.3860460128513022,-0.4017401643122391,-0.38775595615948133,-0.3803869623841687,-0.36015136384558616,-0.3635155499560636,-0.5329916004718532,-0.6404648025009164,-0.4500267107231103,-0.34549226163713337,-0.44085800110956624,-0.47256002844542944,-0.41371573403670064,-0.40756533352127083,-0.2178235980491589,-0.38467408877999915,-0.057995434183406816,-0.17301438860023355,-0.5954194970299477,-0.5583032507973826,-0.45643139661214593,-0.4930840049040462,-0.5595896029811919,-0.4648927409636142,-0.37224378520328083,-0.2642925764144318,-0.19015325116920423,-0.3351218482082926,-0.148531349629106,-0.288113071557676,-0.3117597950322929,-0.30439184906262384,-0.18617723808619563,1.1617122380756648,-0.4070241549031835,-0.8725789946341107,0.8628098033291439,-0.8628098033291439,1.1188958935332423,-0.4070241549031835,-0.8402021363875857,-0.8118441408859888,1.1644287087836396,-0.4657771652600663,-1.1995745572199612,1.1995745572199614
-0.10020832951766964,-0.5098294589868065,-0.15659452851829972,1.3072071594279489,-0.5134435764480522,-0.5468645177655107,-0.09865956179018964,-0.18325017833206717,-0.20850548159882065,-0.27894990165199235,-0.3053761869142483,-0.27921431939174823,-0.38920652821245344,-0.11875921840974069,-0.5421856072033292,-0.07129755211436097,-1.40305338538167,0.007106768026526339,1.6645430154927547,1.6140558296019647,1.6719159039458584,1.7087602416818612,1.783626176780009,1.7724684976337297,1.327170319900033,-0.6404648025009164,1.5908191836346701,1.8318546534285414,1.6298744866758494,1.5224403807988895,1.704637795526766,1.7186514337122767,-0.2178235980491589,1.7765733838310918,-0.30122224612674325,-0.17301438860023355,-0.6522706117677061,-0.6285180372048634,-0.513811714473803,-0.5730103935862927,-0.6596894482393864,-0.5731557565380954,-0.42351904379598804,-0.2771375843876183,-0.20350781429143405,-0.3351218482082926,-0.1620262198687328,-0.288113071557676,-0.3117597950322929,-0.30439184906262384,-0.18617723808619563,1.1617122380756648,-0.4070241549031835,-0.8725789946341107,0.8628098033291439,-0.8628098033291439,1.1188958935332423,-0.4070241549031835,-0.8402021363875857,-0.8118441408859888,1.1644287087836396,-0.4657771652600663,-1.1995745572199612,1.1995745572199614
0.32069868695399123,1.7893242402278267,-0.30725549170559296,1.2403547780551907,0.4213189582976915,1.8286064784126088,0.5670075200701915,0.3250152239441045,0.27491084450766423,0.5500920452424786,0.4839315280704032,0.5363180299958754,0.24471646908678896,0.2216107355082459,0.926493769945287,-0.2267913006260129,-0.10083749388139503,-0.33246752967731424,-0.3860460128513022,-0.4017401643122391,-0.38775595615948133,-0.3803869623841687,-0.36015136384558616,-0.3635155499560636,-0.5329916004718532,0.6196860592203776,-0.4500267107231103,-0.34549226163713337,-0.44085800110956624,-0.47256002844542944,-0.41371573403670064,-0.40756533352127083,-0.2178235980491589,-0.38467408877999915,0.38285316246389045,-0.5882053679478846,-0.1960284724856954,-0.19035953241532383,-0.32584170768561604,-0.11958184240816346,-0.09694865149940793,0.17012898064132545,-0.22829672897054318,-0.13584249668256718,-0.22520897936505752,0.24734175105914424,-0.1839553840081264,0.3465365302242902,0.4317760655135352,0.057186512831506414,0.9542881862015186,-0.8607983691869038,-0.4070241549031835,1.1460280457694483,-1.1590039845879228,1.1590039845879228,-0.8937381983253208,-0.4070241549031835,1.1901897849242074,-0.8118441408859888,-0.8587902311723306,2.1469493882158233,0.8336288844917824,-0.8336288844917823
0.7416057034256521,-0.5098294589868065,0.14472739785628683,-0.39607525293884777,1.356081493043435,-0.5468645177655107,1.898341683790954,2.358076833048791,3.1754088011465735,3.4517388593731266,4.43047010299366,0.9440842046896871,3.414331455583001,0.2216107355082459,0.4369339775624149,-0.07129755211436097,-0.10083749388139503,-0.33246752967731424,-0.3860460128513022,-0.4017401643122391,-0.38775595615948133,-0.3803869623841687,-0.36015136384558616,-0.3635155499560636,-0.5329916004718532,1.0397363464608091,0.5703962364557799,-0.34549226163713337,-0.44085800110956624,0.5249401761767302,-0.41371573403670064,-0.40756533352127083,0.8094125752774279,-0.38467408877999915,-0.42283565209841145,-0.4591595230155065,-0.20367231984539402,-0.20130209653077538,-0.15607511208112712,-0.12009419105356246,-0.09245699177628382,-0.5731557565380954,-0.4136403242506041,0.2430852385264336,-0.14174295985112118,-0.0355691400136108,-0.14347077328924593,-0.12793960063175122,-0.11667365340393206,-0.16708361036865033,-0.18617723808619563,-0.8607983691869038,2.4568566458613845,-0.8725789946341107,-1.1590039845879228,1.1590039845879228,-0.8937381983253208,2.4568566458613845,-0.8402021363875857,1.2317635241028795,-0.8587902311723306,-0.4657771652600663,0.8336288844917824,-0.8336288844917823
-0.10020832951766964,-0.5098294589868065,-0.15659452851829972,0.017634411498366188,-0.5134435764480522,-0.5468645177655107,-0.7643266436505708,-0.6915155806082388,-0.6919218077053055,-0.6934708750992279,-0.700030044406574,-0.6869804940855601,-0.7061680268620747,-0.098737456414565,-0.5421856072033292,-0.07129755211436097,-1.40305338538167,0.007106768026526339,0.6392485013207262,0.6061578326448629,0.6420799738931886,0.6641866396488463,0.7117374064672115,0.704476473838833,0.3970893597140899,-0.6404648025009164,0.5703962364557799,0.7431811958957041,0.5945082427831416,0.5249401761767302,0.6454610307450327,0.655543050095503,-0.2178235980491589,0.6959496475255463,0.3676514867174319,-0.17301438860023355,-0.6522706117677061,-0.6294299175478177,-0.46632455486415575,-0.5730103935862927,-0.6596894482393864,-0.5731557565380954,-0.3670692178223654,-0.17999721159039567,-0.1025139306795711,-0.3351218482082926,-0.059971263681555025,-0.288113071557676,-0.3117597950322929,-0.30439184906262384,-0.18617723808619563,-0.8607983691869038,2.4568566458613845,-0.8725789946341107,0.8628098033291439,-0.8628098033291439,-0.8937381983253208,2.4568566458613845,-0.8402021363875857,-0.8118441408859888,1.1644287087836396,-0.4657771652600663,-1.1995745572199612,1.1995745572199614
0.46100102577787816,0.6397473906205101,-0.30725549170559296,-0.5220290149454937,0.4213189582976915,-0.5468645177655107,0.5670075200701915,0.3250152239441045,0.27491084450766423,0.13557107179524314,0.08927767057807745,0.1285518553020636,-0.07224502956283226,1.8033299331271246,0.4369339775624149,-0.3822850491376648,-0.10083749388139503,-0.33246752967731424,-0.3860460128513022,-0.4017401643122391,-0.38775595615948133,-0.3803869623841687,-0.36015136384558616,-0.3635155499560636,-0.5329916004718532,0.19963577197994625,-0.4500267107231103,-0.34549226163713337,-0.44085800110956624,-0.47256002844542944,-0.41371573403670064,-0.40756533352127083,-0.2178235980491589,-0.38467408877999915,-0.3164239218732018,-0.08324336603857929,0.9925897919474382,0.46437055382586134,-0.17506997592498602,0.4214583271331976,0.7333667316038214,0.7987822895654133,-0.332728907021745,-0.2265603654931966,-0.20434247448657342,-0.06607913807047654,-0.1907028191279398,0.005034601646375029,0.04528465285357506,-0.1808144342380477,0.17515834188614945,-0.8607983691869038,-0.4070241549031835,1.1460280457694483,-1.1590039845879228,1.1590039845879228,-0.8937381983253208,-0.4070241549031835,1.1901897849242074,1.2317635241028795,-0.8587902311723306,-0.4657771652600663,0.8336288844917824,-0.8336288844917823
0.32069868695399123,0.6397473906205101,-0.45791645489288624,-0.5220290149454937,-0.04606230907518031,1.8286064784126088,-0.09865956179018964,-0.18325017833206717,-0.20850548159882065,-0.27894990165199235,-0.3053761869142483,-0.27921431939174823,-0.38920652821245344,0.12150192553236748,-0.052625814820457154,-0.3822850491376648,-0.10083749388139503,-0.33246752967731424,-0.3860460128513022,-0.4017401643122391,-0.38775595615948133,-0.3803869623841687,-0.36015136384558616,-0.3635155499560636,-0.5329916004718532,-0.2204145152604851,-0.4500267107231103,-0.34549226163713337,-0.44085800110956624,-0.47256002844542944,-0.41371573403670064,-0.40756533352127083,-0.2178235980491589,-0.38467408877999915,-0.2252138673944506,-0.408663322824576,-0.5156368402130934,-0.4990310285053533,-0.5264749570363756,-0.4505590673359279,-0.5063313519784345,-0.31296060986329194,-0.4164628155492852,-0.27312351939599755,-0.2318862609261724,-0.22695003691576862,-0.1907028191279398,-0.1702495740838823,-0.1682058417585934,-0.24031467100543621,0.034011630959452165,-0.8607983691869038,-0.4070241549031835,1.1460280457694483,-1.1590039845879228,1.1590039845879228,-0.8937381983253208,-0.4070241549031835,1.1901897849242074,-0.8118441408859888,-0.8587902311723306,2.1469493882158233,0.8336288844917824,-0.8336288844917823
0.7416057034256521,4.08847793944246,-0.45791645489288624,-0.6189165241813752,1.356081493043435,1.8286064784126088,-0.09865956179018964,1.3415460284964478,1.2417434967206338,0.964613018689714,0.8785853855627288,0.9440842046896871,0.5616779677364101,0.12150192553236748,1.4160535623281592,-0.3822850491376648,-0.10083749388139503,-0.33246752967731424,-0.3860460128513022,-0.4017401643122391,-0.38775595615948133,-0.3803869623841687,-0.36015136384558616,-0.3635155499560636,-0.5329916004718532,1.0397363464608091,-0.4500267107231103,-0.34549226163713337,-0.44085800110956624,-0.47256002844542944,-0.41371573403670064,-0.40756533352127083,-0.2178235980491589,-0.38467408877999915,3.3015749057839274,-0.12251818840930302,-0.4114894199371999,0.9932611527393536,0.7101698244648547,1.2504384353888056,-0.33628994817445007,-0.17831417032528182,0.998075740306408,-0.05716682284680006,-0.2318862609261724,0.5191580973839481,-0.1907028191279398,0.6427063443892077,0.8219483487702569,0.9954594772403255,1.5527502405307152,-0.8607983691869038,-0.4070241549031835,1.1460280457694483,-1.1590039845879228,1.1590039845879228,-0.8937381983253208,-0.4070241549031835,1.1901897849242074,-0.8118441408859888,-0.8587902311723306,2.1469493882158233,0.8336288844917824,-0.8336288844917823
0.32069868695399123,0.6397473906205101,-0.45791645489288624,-0.13351010290960894,-0.04606230907518031,1.8286064784126088,-0.09865956179018964,-0.18325017833206717,-0.20850548159882065,-0.27894990165199235,-0.3053761869142483,-0.27921431939174823,0.24471646908678896,0.04141487755166476,-0.052625814820457154,-0.3822850491376648,-0.10083749388139503,-0.33246752967731424,-0.3860460128513022,-0.4017401643122391,-0.38775595615948133,-0.3803869623841687,-0.36015136384558616,-0.3635155499560636,0.3970893597140899,-0.2204145152604851,-0.4500267107231103,-0.34549226163713337,-0.44085800110956624,-0.47256002844542944,-0.41371573403670064,-0.40756533352127083,-0.2178235980491589,-0.38467408877999915,0.00281126880242729,-0.17301438860023355,-0.5533783365516053,-0.5350503020520481,-0.5252877780461345,-0.4669542239886964,-0.526864653569859,-0.38483269583290547,-0.4371610850729468,-0.22977161748649322,-0.2318862609261724,-0.1853454941109517,-0.1907028191279398,-0.12491745967088472,-0.11299278280717052,0.025147923802912593,0.11869965751547054,-0.8607983691869038,-0.4070241549031835,1.1460280457694483,-1.1590039845879228,1.1590039845879228,-0.8937381983253208,-0.4070241549031835,1.1901897849242074,-0.8118441408859888,-0.8587902311723306,2.1469493882158233,0.8336288844917824,-0.8336288844917823
-0.2405106683415566,-0.5098294589868065,-0.005933565331006445,-0.20908236011359652,-0.5134435764480522,-0.5468645177655107,-0.7643266436505708,-0.6915155806082388,-0.6919218077053055,-0.6934708750992279,-0.700030044406574,-0.6869804940855601,-0.7061680268620747,-0.39906388634220025,-0.5421856072033292,0.08419619639729098,1.20137839761888,0.1768939168784466,-0.3860460128513022,-0.4017401643122391,-0.38775595615948133,-0.3803869623841687,-0.36015136384558616,-0.3635155499560636,-0.5329916004718532,-0.6404648025009164,-0.4500267107231103,-0.34549226163713337,-0.44085800110956624,-0.47256002844542944,-0.41371573403670064,-0.40756533352127083,-0.2178235980491589,-0.38467408877999915,-0.4836423550842456,-0.18423576642044034,0.46659754550817767,0.4839759811993787,0.6385433587203033,0.6781449984781046,0.9072581294561979,-0.5731557565380954,-0.20242389206596614,-0.1984619105518512,-0.12171111516777645,-0.3351218482082926,-0.07937013965101858,-0.288113071557676,-0.3117597950322929,-0.30439184906262384,-0.18617723808619563,1.1617122380756648,-0.4070241549031835,-0.8725789946341107,0.8628098033291439,-0.8628098033291439,1.1188958935332423,-0.4070241549031835,-0.8402021363875857,-0.8118441408859888,1.1644287087836396,-0.4657771652600663,-1.1995745572199612,1.1995745572199614
0.18039634813010427,-0.5098294589868065,-0.15659452851829972,-0.5220290149454937,-0.04606230907518031,-0.5468645177655107,-0.09865956179018964,-0.18325017833206717,0.27491084450766423,0.13557107179524314,0.08927767057807745,0.1285518553020636,-0.07224502956283226,0.04141487755166476,-0.052625814820457154,-0.2267913006260129,-0.10083749388139503,-0.16268038082539393,-0.3860460128513022,-0.4017401643122391,-0.38775595615948133,-0.3803869623841687,-0.36015136384558616,-0.3635155499560636,-0.5329916004718532,-0.2204145152604851,-0.4500267107231103,-0.34549226163713337,-0.44085800110956624,-0.47256002844542944,-0.41371573403670064,-0.40756533352127083,-0.2178235980491589,-0.38467408877999915,-0.7116674912811235,-0.5825946790377812,0.32518636935375345,0.3722706391874773,-0.2565895999215471,0.4629585674105179,0.6377585460687509,0.9216016769818415,-0.2960365201388903,-0.29560228334907385,-0.22270499877963942,-0.315706394899378,-0.18817253095800976,-0.2669580848316105,-0.28599370085496223,-0.30439184906262384,-0.18617723808619563,-0.8607983691869038,-0.4070241549031835,1.1460280457694483,-1.1590039845879228,1.1590039845879228,-0.8937381983253208,-0.4070241549031835,1.1901897849242074,1.2317635241028795,-0.8587902311723306,-0.4657771652600663,0.8336288844917824,-0.8336288844917823
0.04009400930621731,-0.5098294589868065,-0.30725549170559296,-0.2081134850212377,-0.5134435764480522,-0.5468645177655107,-0.09865956179018964,-0.18325017833206717,-0.20850548159882065,-0.27894990165199235,-0.3053761869142483,-0.27921431939174823,-0.38920652821245344,-0.07871569441938932,-0.5421856072033292,-0.2267913006260129,-1.40305338538167,-0.16268038082539393,0.6392485013207262,0.6061578326448629,0.6420799738931886,0.6641866396488463,0.7117374064672115,0.704476473838833,0.3970893597140899,-0.6404648025009164,0.5703962364557799,0.7431811958957041,0.5945082427831416,0.5249401761767302,0.6454610307450327,0.655543050095503,-0.2178235980491589,0.6959496475255463,-0.8028775457598746,-0.08324336603857929,-0.6522706117677061,-0.6294299175478177,-0.5272664096965364,-0.5730103935862927,-0.6596894482393864,-0.5731557565380954,-0.4395131611551811,-0.3036304133323154,-0.23105160073103304,-0.3351218482082926,-0.18985938973796312,-0.288113071557676,-0.3117597950322929,-0.30439184906262384,-0.18617723808619563,1.1617122380756648,-0.4070241549031835,-0.8725789946341107,0.8628098033291439,-0.8628098033291439,1.1188958935332423,-0.4070241549031835,-0.8402021363875857,-0.8118441408859888,1.1644287087836396,-0.4657771652600663,-1.1995745572199612,1.1995745572199614
-0.2405106683415566,-0.5098294589868065,-0.005933565331006445,-0.24299298834615504,-0.5134435764480522,-0.5468645177655107,0.5670075200701915,0.3250152239441045,0.27491084450766423,0.13557107179524314,0.08927767057807745,0.1285518553020636,-0.07224502956283226,-0.17882450439526773,-0.5421856072033292,0.08419619639729098,1.20137839761888,0.1768939168784466,-0.3860460128513022,-0.4017401643122391,-0.38775595615948133,-0.3803869623841687,-0.36015136384558616,-0.3635155499560636,0.3970893597140899,-0.6404648025009164,-0.4500267107231103,-0.34549226163713337,-0.44085800110956624,-0.47256002844542944,-0.41371573403670064,-0.40756533352127083,-0.2178235980491589,-0.38467408877999915,4.30488550505019,-0.17301438860023355,-0.6087962299094203,-0.5874834217719201,0.3559947590429023,-0.5263866668549823,-0.6012978718387729,-0.4903663916870215,0.6104536019541994,0.013480721005725508,0.09863917634901546,-0.3351218482082926,0.14329521930282388,-0.288113071557676,-0.3117597950322929,-0.30439184906262384,-0.18617723808619563,1.1617122380756648,-0.4070241549031835,-0.8725789946341107,0.8628098033291439,-0.8628098033291439,1.1188958935332423,-0.4070241549031835,-0.8402021363875857,-0.8118441408859888,1.1644287087836396,-0.4657771652600663,-1.1995745572199612,1.1995745572199614
0.04009400930621731,-0.5098294589868065,-0.30725549170559296,1.4040946686638303,-0.5134435764480522,-0.5468645177655107,-0.7643266436505708,-0.6915155806082388,-0.6919218077053055,-0.6934708750992279,-0.700030044406574,-0.6869804940855601,-0.7061680268620747,-0.9196296982167679,-0.5421856072033292,-0.2267913006260129,-1.40305338538167,-0.16268038082539393,0.6392485013207262,0.6061578326448629,0.6420799738931886,0.6641866396488463,0.7117374064672115,0.704476473838833,3.1873322402719193,-0.6404648025009164,0.5703962364557799,0.7431811958957041,0.5945082427831416,0.5249401761767302,0.6454610307450327,0.655543050095503,0.8094125752774279,0.6959496475255463,-0.7876758700134161,-0.17301438860023355,-0.6522706117677061,-0.5546557294255654,0.0861094019280738,-0.4889852157408541,-0.6596894482393864,-0.5731557565380954,0.2896304243374443,-0.14788469165742948,-0.23021694053589367,-0.3351218482082926,-0.18901596034798643,-0.288113071557676,-0.3117597950322929,-0.30439184906262384,-0.18617723808619563,1.1617122380756648,-0.4070241549031835,-0.8725789946341107,0.8628098033291439,-0.8628098033291439,1.1188958935332423,-0.4070241549031835,-0.8402021363875857,-0.8118441408859888,1.1644287087836396,-0.4657771652600663,-1.1995745572199612,1.1995745572199614
0.46100102577787816,-0.5098294589868065,-0.15659452851829972,-0.5220290149454937,0.4213189582976915,-0.5468645177655107,-0.09865956179018964,-0.18325017833206717,-0.20850548159882065,-0.27894990165199235,0.08927767057807745,0.1285518553020636,-0.07224502956283226,2.0235693150740572,0.4369339775624149,-0.3822850491376648,-0.10083749388139503,-0.33246752967731424,-0.3860460128513022,-0.4017401643122391,-0.38775595615948133,-0.3803869623841687,-0.36015136384558616,-0.3635155499560636,-0.5329916004718532,0.19963577197994625,-0.4500267107231103,-0.34549226163713337,-0.44085800110956624,-0.47256002844542944,-0.41371573403670064,-0.40756533352127083,-0.2178235980491589,-0.38467408877999915,-0.6508607882952894,-0.08324336603857929,1.0188655172464023,0.2259138441433127,-0.35037674015060044,0.2528956227969213,0.3169257087027427,0.7260004303556781,-0.27345658974944126,-0.2915882183574531,-0.2185316978039426,-0.29074366921648787,-0.1907028191279398,-0.23975881618381195,-0.2528658654841085,-0.30439184906262384,-0.18617723808619563,-0.8607983691869038,-0.4070241549031835,1.1460280457694483,-1.1590039845879228,1.1590039845879228,-0.8937381983253208,-0.4070241549031835,1.1901897849242074,1.2317635241028795,-0.8587902311723306,-0.4657771652600663,0.8336288844917824,-0.8336288844917823
0.6013033646017651,1.7893242402278267,-0.30725549170559296,-0.5220290149454937,0.8887002256705634,-0.5468645177655107,1.2326746019305725,0.8332806262202761,0.7583271706141491,0.5500920452424786,0.4839315280704032,0.5363180299958754,0.24471646908678896,0.6220459754117594,0.926493769945287,-0.3822850491376648,-0.10083749388139503,-0.33246752967731424,-0.3860460128513022,-0.4017401643122391,-0.38775595615948133,-0.3803869623841687,-0.36015136384558616,-0.3635155499560636,-0.5329916004718532,0.6196860592203776,-0.4500267107231103,-0.34549226163713337,-0.44085800110956624,-0.47256002844542944,-0.41371573403670064,-0.40756533352127083,-0.20041281545040318,-0.38467408877999915,-0.3620289491125773,-0.12251818840930302,1.8549113222134375,1.9876666667310143,1.4204985869591613,2.115795297467744,2.86818843143724,0.40212115687235644,-0.20618721379754099,-0.22736317849152074,-0.2068464550719915,-0.06885277425746433,-0.1907028191279398,0.0020124606855085225,0.041603782256813535,-0.30439184906262384,0.18645007876028524,-0.8607983691869038,-0.4070241549031835,1.1460280457694483,-1.1590039845879228,1.1590039845879228,-0.8937381983253208,-0.4070241549031835,1.1901897849242074,1.2317635241028795,-0.8587902311723306,-0.4657771652600663,0.8336288844917824,-0.8336288844917823
0.46100102577787816,0.6397473906205101,-0.30725549170559296,-0.39607525293884777,0.4213189582976915,1.8286064784126088,-0.7643266436505708,-0.6915155806082388,-0.6919218077053055,-0.6934708750992279,-0.700030044406574,-0.6869804940855601,-0.7061680268620747,0.6620894994021108,0.4369339775624149,-0.3822850491376648,-0.10083749388139503,-0.33246752967731424,-0.3860460128513022,-0.4017401643122391,-0.38775595615948133,-0.3803869623841687,-0.36015136384558616,-0.3635155499560636,-0.5329916004718532,0.19963577197994625,-0.4500267107231103,-0.34549226163713337,-0.44085800110956624,-0.47256002844542944,-0.41371573403670064,-0.40756533352127083,-0.2178235980491589,-0.38467408877999915,0.9909201923222316,-0.5825946790377812,0.3060767509545069,1.1925070076748674,0.5352587865693206,0.3241120845073845,0.4638671482163745,0.7432861219179903,0.6805454692047809,-0.08606809078646961,-0.2185316978039426,0.03654540084807186,-0.1907028191279398,0.11685381719843574,0.1814768649337515,-0.30439184906262384,0.4856811059248835,-0.8607983691869038,-0.4070241549031835,1.1460280457694483,-1.1590039845879228,1.1590039845879228,-0.8937381983253208,-0.4070241549031835,1.1901897849242074,-0.8118441408859888,-0.8587902311723306,2.1469493882158233,0.8336288844917824,-0.8336288844917823
0.04009400930621731,-0.5098294589868065,-0.30725549170559296,-0.2081134850212377,-0.5134435764480522,-0.5468645177655107,-0.09865956179018964,-0.18325017833206717,-0.20850548159882065,-0.27894990165199235,-0.3053761869142483,-0.27921431939174823,-0.38920652821245344,-0.21886802838561908,-0.5421856072033292,-0.2267913006260129,-1.40305338538167,-0.16268038082539393,-0.3860460128513022,-0.4017401643122391,-0.38775595615948133,-0.3803869623841687,-0.36015136384558616,-0.3635155499560636,-0.5329916004718532,-0.6404648025009164,-0.4500267107231103,-0.34549226163713337,-0.44085800110956624,-0.47256002844542944,-0.41371573403670064,-0.40756533352127083,-0.2178235980491589,-0.38467408877999915,-0.8028775457598746,-0.4591595230155065,-0.5400016036721328,-0.5131651738211449,-0.4904638609990598,-0.47310240773348455,-0.5345646416666432,-0.3593590451094982,-0.3769479373677494,-0.3036304133323154,-0.23105160073103304,-0.3351218482082926,-0.18985938973796312,-0.288113071557676,-0.3117597950322929,-0.30439184906262384,-0.18617723808619563,1.1617122380756648,-0.4070241549031835,-0.8725789946341107,0.8628098033291439,-0.8628098033291439,1.1188958935332423,-0.4070241549031835,-0.8402021363875857,-0.8118441408859888,1.1644287087836396,-0.4657771652600663,-1.1995745572199612,1.1995745572199614
0.46100102577787816,1.7893242402278267,-0.45791645489288624,-0.13351010290960894,0.4213189582976915,1.8286064784126088,-0.09865956179018964,-0.18325017833206717,-0.20850548159882065,0.13557107179524314,0.08927767057807745,0.1285518553020636,-0.07224502956283226,-0.01865040843386228,-0.052625814820457154,-0.2267913006260129,-0.10083749388139503,-0.33246752967731424,-0.3860460128513022,-0.4017401643122391,-0.38775595615948133,-0.3803869623841687,-0.36015136384558616,-0.3635155499560636,0.3970893597140899,0.19963577197994625,-0.4500267107231103,-0.34549226163713337,-0.44085800110956624,-0.47256002844542944,-0.41371573403670064,-0.40756533352127083,-0.2178235980491589,-0.38467408877999915,-0.5140457065771626,-0.20106783315075052,-0.5944640161099853,-0.48079342164626737,-0.44614251203005567,-0.44646027817273576,-0.5011980265805783,-0.4630731944833708,-0.40282077427232643,-0.2249547394965483,-0.2318862609261724,-0.06053186569650095,-0.1240718973197824,-0.2276702523403459,-0.2381423830970624,-0.2082760819768424,0.3727637371835257,-0.8607983691869038,-0.4070241549031835,1.1460280457694483,-1.1590039845879228,1.1590039845879228,-0.8937381983253208,-0.4070241549031835,1.1901897849242074,-0.8118441408859888,-0.8587902311723306,2.1469493882158233,0.8336288844917824,-0.8336288844917823
-0.5211153459893305,-0.5098294589868065,0.29538836104358007,1.4040946686638303,-0.5134435764480522,-0.5468645177655107,2.564008765651335,1.8498114307726194,1.7251598228271188,1.3791339921369496,1.2732392430550545,1.3518503793834988,0.8786394663860313,-0.15880274240009204,-0.5421856072033292,0.39518369342059484,-1.40305338538167,0.5164682145822872,0.6392485013207262,0.6061578326448629,0.6420799738931886,0.6641866396488463,0.7117374064672115,0.704476473838833,0.3970893597140899,-0.6404648025009164,0.5703962364557799,0.7431811958957041,0.5945082427831416,0.5249401761767302,0.6454610307450327,0.655543050095503,-0.2178235980491589,0.6959496475255463,-0.4076339763519529,-0.408663322824576,-0.6522706117677061,-0.6294299175478177,-0.5023356509014716,-0.5730103935862927,-0.6596894482393864,-0.5731557565380954,-0.40987700251902925,-0.2530531944378937,-0.17846800843725316,-0.3351218482082926,-0.13672333816943252,-0.288113071557676,-0.3117597950322929,-0.30439184906262384,-0.18617723808619563,1.1617122380756648,-0.4070241549031835,-0.8725789946341107,0.8628098033291439,-0.8628098033291439,1.1188958935332423,-0.4070241549031835,-0.8402021363875857,-0.8118441408859888,1.1644287087836396,-0.4657771652600663,-1.1995745572199612,1.1995745572199614
0.46100102577787816,0.6397473906205101,-0.30725549170559296,-0.436768006817918,0.4213189582976915,1.8286064784126088,-0.09865956179018964,-0.18325017833206717,0.27491084450766423,0.13557107179524314,0.08927767057807745,0.1285518553020636,0.5616779677364101,0.3016977834889486,0.4369339775624149,-0.3822850491376648,-0.10083749388139503,-0.33246752967731424,-0.3860460128513022,-0.4017401643122391,-0.38775595615948133,-0.3803869623841687,-0.36015136384558616,-0.3635155499560636,-0.5329916004718532,0.19963577197994625,-0.4500267107231103,-0.34549226163713337,-0.44085800110956624,-0.47256002844542944,-0.41371573403670064,-0.40756533352127083,-0.2178235980491589,-0.38467408877999915,-0.5444490580700797,-0.17301438860023355,-0.5409570845920951,-0.5204602165647793,-0.5086672721827579,-0.453633159208322,-0.5101813460268265,-0.39847929443473085,-0.43669066985649996,-0.27151789339934923,-0.22687829975533622,-0.26855457972058555,-0.1907028191279398,-0.2155816884968799,-0.22341890071001627,-0.2540454948748336,-0.08455160621897358,-0.8607983691869038,-0.4070241549031835,1.1460280457694483,-1.1590039845879228,1.1590039845879228,-0.8937381983253208,-0.4070241549031835,1.1901897849242074,-0.8118441408859888,-0.8587902311723306,2.1469493882158233,0.8336288844917824,-0.8336288844917823
0.6013033646017651,2.9389010898351438,-0.45791645489288624,-0.008525215995321817,0.8887002256705634,1.8286064784126088,-0.09865956179018964,0.3250152239441045,0.7583271706141491,0.5500920452424786,0.4839315280704032,0.5363180299958754,0.24471646908678896,1.2026770732718541,0.926493769945287,-0.3822850491376648,-0.10083749388139503,-0.33246752967731424,-0.3860460128513022,-0.4017401643122391,-0.38775595615948133,-0.3803869623841687,-0.36015136384558616,-0.3635155499560636,-0.5329916004718532,0.6196860592203776,-0.4500267107231103,-0.34549226163713337,-0.44085800110956624,-0.47256002844542944,-0.41371573403670064,-0.40756533352127083,-0.2178235980491589,-0.38467408877999915,-0.19481051590153356,-0.09446474385878607,2.8309350819549532,1.0630199989753573,0.20007858499122716,1.0690670149175538,0.8296165828136238,1.8341042368238967,0.5779949520193665,-0.2072928535334169,-0.2318862609261724,0.00048813041723053,-0.1907028191279398,0.07756598470717117,0.13362554717585168,0.15330227991728787,0.49697284279901927,-0.8607983691869038,-0.4070241549031835,1.1460280457694483,-1.1590039845879228,1.1590039845879228,-0.8937381983253208,-0.4070241549031835,1.1901897849242074,1.2317635241028795,-0.8587902311723306,-0.4657771652600663,0.8336288844917824,-0.8336288844917823
0.32069868695399123,0.6397473906205101,-0.45791645489288624,-0.5220290149454937,-0.04606230907518031,1.8286064784126088,-0.09865956179018964,-0.18325017833206717,-0.20850548159882065,-0.27894990165199235,-0.3053761869142483,-0.27921431939174823,-0.38920652821245344,0.04141487755166476,-0.052625814820457154,-0.3822850491376648,-0.10083749388139503,-0.33246752967731424,-0.3860460128513022,-0.4017401643122391,-0.38775595615948133,-0.3803869623841687,-0.36015136384558616,-0.3635155499560636,-0.5329916004718532,-0.2204145152604851,-0.4500267107231103,-0.34549226163713337,-0.44085800110956624,-0.47256002844542944,-0.41371573403670064,-0.40756533352127083,-0.2178235980491589,-0.38467408877999915,-0.25561721888736766,-0.4591595230155065,-0.5357019395323023,-0.5181805157073935,-0.4872980503584166,-0.455682553789918,-0.5127480087257547,-0.3648176845502283,-0.3920012242940487,-0.27472914539264587,-0.2318862609261724,-0.23249730928974421,-0.1907028191279398,-0.1762938560056153,-0.17556758295211647,-0.30439184906262384,0.02271989408531638,-0.8607983691869038,-0.4070241549031835,1.1460280457694483,-1.1590039845879228,1.1590039845879228,-0.8937381983253208,-0.4070241549031835,1.1901897849242074,-0.8118441408859888,-0.8587902311723306,2.1469493882158233,0.8336288844917824,-0.8336288844917823
-0.10020832951766964,-0.5098294589868065,-0.15659452851829972,0.017634411498366188,-0.5134435764480522,-0.5468645177655107,-0.09865956179018964,-0.18325017833206717,-0.20850548159882065,-0.27894990165199235,0.08927767057807745,0.1285518553020636,-0.07224502956283226,-0.1988462663904434,0.4369339775624149,-0.07129755211436097,-1.40305338538167,-0.33246752967731424,0.6392485013207262,1.6140558296019647,0.6420799738931886,-0.3803869623841687,-0.36015136384558616,-0.3635155499560636,1.327170319900033,0.19963577197994625,0.5703962364557799,-0.34549226163713337,-0.44085800110956624,1.5224403807988895,-0.41371573403670064,-0.40756533352127083,-0.2178235980491589,-0.38467408877999915,-0.6964658155346649,-0.17301438860023355,-0.6522706117677061,-0.6221348748041834,-0.47423908146576366,-0.5648128152599085,-0.6596894482393864,-0.5731557565380954,-0.37647752215130253,-0.27553195839097,-0.2185316978039426,-0.29074366921648787,-0.17720794888831298,-0.23975881618381195,-0.3117597950322929,-0.30439184906262384,-0.18617723808619563,-0.8607983691869038,-0.4070241549031835,1.1460280457694483,0.8628098033291439,-0.8628098033291439,1.1188958935332423,-0.4070241549031835,-0.8402021363875857,1.2317635241028795,-0.8587902311723306,-0.4657771652600663,0.8336288844917824,-0.8336288844917823
0.46100102577787816,-0.5098294589868065,-0.15659452851829972,-1.1246693223926767,0.4213189582976915,-0.5468645177655107,0.5670075200701915,0.3250152239441045,0.27491084450766423,0.13557107179524314,0.08927767057807745,0.1285518553020636,-0.07224502956283226,-0.01865040843386228,-0.5421856072033292,-0.07129755211436097,-0.10083749388139503,-0.33246752967731424,-0.3860460128513022,-0.4017401643122391,-0.38775595615948133,-0.3803869623841687,-0.36015136384558616,-0.3635155499560636,-0.5329916004718532,0.19963577197994625,0.5703962364557799,-0.34549226163713337,0.5945082427831416,0.5249401761767302,0.6454610307450327,0.655543050095503,0.8094125752774279,0.6959496475255463,-0.7420708427740405,-0.408663322824576,-0.6470154667079133,-0.6244145756615691,-0.5233091463957324,-0.5730103935862927,-0.6596894482393864,-0.5731557565380954,-0.43480900899071256,-0.29560228334907385,-0.22270499877963942,-0.3046118501514269,-0.18142509583819635,-0.288113071557676,-0.3117597950322929,-0.30439184906262384,-0.18617723808619563,-0.8607983691869038,2.4568566458613845,-0.8725789946341107,-1.1590039845879228,1.1590039845879228,-0.8937381983253208,2.4568566458613845,-0.8402021363875857,-0.8118441408859888,-0.8587902311723306,2.1469493882158233,0.8336288844917824,-0.8336288844917823
0.32069868695399123,0.6397473906205101,-0.45791645489288624,-0.13351010290960894,-0.04606230907518031,1.8286064784126088,-0.09865956179018964,-0.18325017833206717,-0.20850548159882065,-0.27894990165199235,-0.3053761869142483,-0.27921431939174823,-0.07224502956283226,0.08145840154201613,-0.052625814820457154,-0.3822850491376648,-0.10083749388139503,-0.33246752967731424,-0.3860460128513022,-0.4017401643122391,-0.38775595615948133,-0.3803869623841687,-0.36015136384558616,-0.3635155499560636,-0.5329916004718532,-0.2204145152604851,-0.4500267107231103,-0.34549226163713337,-0.44085800110956624,-0.47256002844542944,-0.41371573403670064,-0.40756533352127083,-0.2178235980491589,-0.38467408877999915,-0.3316255976196603,4.00133816051669,-0.0799375407102728,0.10144217733005118,-0.351959645470922,-0.11292131001797624,-0.08347367233003558,0.5167525851276894,-0.08999465533516778,-0.11657498472278748,-0.2318862609261724,-0.24636549022468318,-0.1907028191279398,-0.19140456080994786,-0.19397193593592407,-0.30439184906262384,-0.005509448100023083,-0.8607983691869038,-0.4070241549031835,1.1460280457694483,-1.1590039845879228,1.1590039845879228,-0.8937381983253208,-0.4070241549031835,1.1901897849242074,-0.8118441408859888,-0.8587902311723306,2.1469493882158233,0.8336288844917824,-0.8336288844917823
0.04009400930621731,-0.5098294589868065,-0.30725549170559296,-1.7815666350119532,-0.5134435764480522,-0.5468645177655107,-0.09865956179018964,-0.18325017833206717,-0.20850548159882065,-0.27894990165199235,-0.3053761869142483,-0.27921431939174823,-0.38920652821245344,0.021393115556489078,-0.052625814820457154,-0.3822850491376648,-0.10083749388139503,-0.33246752967731424,-0.3860460128513022,-0.4017401643122391,-0.38775595615948133,-0.3803869623841687,-0.36015136384558616,-0.3635155499560636,-0.5329916004718532,-0.2204145152604851,-0.4500267107231103,-0.34549226163713337,-0.44085800110956624,-0.47256002844542944,-0.41371573403670064,-0.40756533352127083,-0.2178235980491589,-0.38467408877999915,0.7020883531395196,-0.12251818840930302,-0.4415870689160132,-0.3203024812863111,-0.36858015133429856,-0.22563801200575978,-0.31254831820936546,-0.21288555344990606,-0.3190868657447862,-0.22415192649822413,-0.1484202414122361,-0.057758229509513155,-0.1907028191279398,0.014101024528974547,0.056327264643859634,-0.30439184906262384,-0.18617723808619563,-0.8607983691869038,-0.4070241549031835,1.1460280457694483,0.8628098033291439,-0.8628098033291439,-0.8937381983253208,-0.4070241549031835,1.1901897849242074,1.2317635241028795,-0.8587902311723306,-0.4657771652600663,0.8336288844917824,-0.8336288844917823
0.7416057034256521,-0.5098294589868065,0.14472739785628683,-0.436768006817918,1.356081493043435,-0.5468645177655107,0.5670075200701915,0.3250152239441045,1.2417434967206338,0.964613018689714,0.8785853855627288,0.9440842046896871,0.5616779677364101,1.3228076452429083,1.4160535623281592,-0.3822850491376648,-0.10083749388139503,-0.33246752967731424,-0.3860460128513022,-0.4017401643122391,-0.38775595615948133,-0.3803869623841687,-0.36015136384558616,-0.3635155499560636,-0.5329916004718532,1.0397363464608091,-0.4500267107231103,-0.34549226163713337,-0.44085800110956624,-0.47256002844542944,-0.41371573403670064,-0.40756533352127083,-0.2178235980491589,-0.38467408877999915,-0.6812641397882064,-0.0776326771284759,5.458507611851349,3.6678061986243065,0.5863074831496914,4.255875589299435,5.370042897217372,5.588738398806112,-0.35013427003027864,-0.17437752060212658,-0.09667130931359555,0.11420721408373011,-0.1907028191279398,0.2014737641026979,0.2845412416430742,1.3799225455834512,-0.18617723808619563,-0.8607983691869038,-0.4070241549031835,1.1460280457694483,-1.1590039845879228,1.1590039845879228,-0.8937381983253208,-0.4070241549031835,1.1901897849242074,1.2317635241028795,-0.8587902311723306,-0.4657771652600663,0.8336288844917824,-0.8336288844917823
-0.10020832951766964,-0.5098294589868065,-0.15659452851829972,-0.2081134850212377,-0.5134435764480522,-0.5468645177655107,0.5670075200701915,0.3250152239441045,0.27491084450766423,0.13557107179524314,0.08927767057807745,0.1285518553020636,-0.07224502956283226,-0.49917269631807865,-0.5421856072033292,-0.07129755211436097,-1.40305338538167,0.007106768026526339,-0.3860460128513022,-0.4017401643122391,-0.38775595615948133,-0.3803869623841687,-0.36015136384558616,-0.3635155499560636,-0.5329916004718532,-0.6404648025009164,-0.4500267107231103,-0.34549226163713337,-0.44085800110956624,-0.47256002844542944,-0.41371573403670064,-0.40756533352127083,-0.2178235980491589,-0.38467408877999915,-0.4988440308307041,-0.5264877899367473,-0.41340038177712457,-0.3978123104374264,-0.38717928884807706,-0.31273728172359255,-0.33885661087337815,-0.11826913647725029,-0.2729861745329944,-0.27874321038426664,-0.20517713468171278,-0.3351218482082926,-0.16371307864868617,-0.288113071557676,-0.3117597950322929,-0.30439184906262384,-0.18617723808619563,1.1617122380756648,-0.4070241549031835,-0.8725789946341107,0.8628098033291439,-0.8628098033291439,1.1188958935332423,-0.4070241549031835,-0.8402021363875857,-0.8118441408859888,1.1644287087836396,-0.4657771652600663,-1.1995745572199612,1.1995745572199614
-0.10020832951766964,-0.5098294589868065,-0.15659452851829972,-0.28949899277937813,-0.5134435764480522,-0.5468645177655107,-0.09865956179018964,-0.18325017833206717,-0.20850548159882065,-0.27894990165199235,-0.3053761869142483,-0.27921431939174823,-0.38920652821245344,-0.3189768383614975,-0.5421856072033292,-0.07129755211436097,1.20137839761888,0.007106768026526339,0.6392485013207262,0.6061578326448629,0.6420799738931886,0.6641866396488463,0.7117374064672115,0.704476473838833,2.2572512800859763,-0.6404648025009164,0.5703962364557799,0.7431811958957041,0.5945082427831416,0.5249401761767302,0.6454610307450327,0.655543050095503,-0.2178235980491589,0.6959496475255463,1.7206006281522408,-0.17301438860023355,-0.6522706117677061,-0.5437131653101138,-0.11412812109260541,-0.4772011968966767,-0.5396979670644994,-0.5731557565380954,-0.0363673206602263,-0.009800855945674964,0.07443403068997394,-0.3351218482082926,0.11883576699350026,-0.288113071557676,-0.3117597950322929,-0.30439184906262384,-0.18617723808619563,1.1617122380756648,-0.4070241549031835,-0.8725789946341107,0.8628098033291439,-0.8628098033291439,1.1188958935332423,-0.4070241549031835,-0.8402021363875857,-0.8118441408859888,1.1644287087836396,-0.4657771652600663,-1.1995745572199612,1.1995745572199614
0.04009400930621731,-0.5098294589868065,-0.30725549170559296,3.34184485338146,-0.5134435764480522,-0.5468645177655107,-0.09865956179018964,-0.18325017833206717,-0.20850548159882065,-0.27894990165199235,-0.3053761869142483,-0.27921431939174823,0.5616779677364101,-6.245418388933499,-0.5421856072033292,-0.2267913006260129,1.20137839761888,-0.16268038082539393,-0.3860460128513022,-0.4017401643122391,-0.38775595615948133,-0.3803869623841687,-0.36015136384558616,-0.3635155499560636,-0.5329916004718532,-0.6404648025009164,-0.4500267107231103,-0.34549226163713337,-0.44085800110956624,-0.47256002844542944,-0.41371573403670064,-0.40756533352127083,-0.2178235980491589,-0.38467408877999915,-0.6356591125488308,4.00133816051669,-0.6522706117677061,-0.6294299175478177,1.4941036843541144,-0.5730103935862927,-0.6596894482393864,-0.5731557565380954,1.9633677644553547,-0.19525065855855459,-0.22187033858450006,-0.3351218482082926,-0.18058166644821969,-0.288113071557676,-0.3117597950322929,-0.30439184906262384,-0.18617723808619563,1.1617122380756648,-0.4070241549031835,-0.8725789946341107,0.8628098033291439,-0.8628098033291439,1.1188958935332423,-0.4070241549031835,-0.8402021363875857,-0.8118441408859888,1.1644287087836396,-0.4657771652600663,-1.1995745572199612,1.1995745572199614
0.04009400930621731,-0.5098294589868065,-0.30725549170559296,-0.2081134850212377,-0.5134435764480522,-0.5468645177655107,-0.09865956179018964,-0.18325017833206717,-0.20850548159882065,-0.27894990165199235,-0.3053761869142483,-0.27921431939174823,-0.38920652821245344,-0.13878098040491635,-0.5421856072033292,-0.2267913006260129,-1.40305338538167,-0.16268038082539393,-0.3860460128513022,-0.4017401643122391,-0.38775595615948133,-0.3803869623841687,-0.36015136384558616,-0.3635155499560636,0.3970893597140899,-0.6404648025009164,-0.4500267107231103,-0.34549226163713337,-0.44085800110956624,-0.47256002844542944,-0.41371573403670064,-0.40756533352127083,-0.20041281545040318,-0.38467408877999915,-0.8028775457598746,-0.11129681058909624,-0.6522706117677061,-0.6080007294883918,-0.5015441982413108,-0.5489300072525389,-0.6596894482393864,-0.5731557565380954,-0.40893617208613553,-0.3036304133323154,-0.23105160073103304,-0.3351218482082926,-0.18985938973796312,-0.288113071557676,-0.3117597950322929,-0.30439184906262384,-0.18617723808619563,1.1617122380756648,-0.4070241549031835,-0.8725789946341107,0.8628098033291439,-0.8628098033291439,1.1188958935332423,-0.4070241549031835,-0.8402021363875857,-0.8118441408859888,1.1644287087836396,-0.4657771652600663,-1.1995745572199612,1.1995745572199614
-0.10020832951766964,-0.5098294589868065,-0.15659452851829972,1.8236175836551973,-0.5134435764480522,-0.5468645177655107,0.5670075200701915,0.3250152239441045,0.27491084450766423,0.13557107179524314,0.8785853855627288,0.1285518553020636,0.8786394663860313,-0.23888979038079475,-0.5421856072033292,-0.07129755211436097,1.20137839761888,-0.16268038082539393,-0.3860460128513022,-0.4017401643122391,-0.38775595615948133,-0.3803869623841687,-0.36015136384558616,-0.3635155499560636,-0.5329916004718532,-0.2204145152604851,-0.4500267107231103,-0.34549226163713337,-0.44085800110956624,-0.47256002844542944,-0.41371573403670064,-0.40756533352127083,-0.2178235980491589,-0.38467408877999915,-0.4988440308307041,-0.5882053679478846,-0.3770921068185562,0.45981115211108986,0.31404776805438056,0.5408355615111683,-0.24196509398884367,-0.04912637022800184,0.5253084477773187,-0.037096497888696206,-0.07330082384969337,0.13084903120565688,-0.03045123503237137,-0.288113071557676,-0.3117597950322929,-0.30439184906262384,-0.18617723808619563,1.1617122380756648,-0.4070241549031835,-0.8725789946341107,0.8628098033291439,-0.8628098033291439,1.1188958935332423,-0.4070241549031835,-0.8402021363875857,-0.8118441408859888,1.1644287087836396,-0.4657771652600663,-1.1995745572199612,1.1995745572199614
-1.9241387342282001,-0.5098294589868065,1.8019979929165126,1.4040946686638303,-0.5134435764480522,-0.5468645177655107,1.2326746019305725,0.8332806262202761,0.7583271706141491,5.109822753162069,5.219777817978312,5.429512126321617,4.048254452882244,-0.5191944583132543,-0.5421856072033292,1.9501211785371142,-1.40305338538167,2.21433970310149,0.6392485013207262,0.6061578326448629,0.6420799738931886,-0.3803869623841687,-0.36015136384558616,-0.3635155499560636,0.3970893597140899,-0.6404648025009164,0.5703962364557799,-0.34549226163713337,-0.44085800110956624,0.5249401761767302,-0.41371573403670064,-0.40756533352127083,0.6527155318886266,-0.38467408877999915,-0.7420708427740405,-0.17301438860023355,-0.6522706117677061,-0.6294299175478177,-0.41844166892442813,-0.5730103935862927,-0.6596894482393864,-0.5731557565380954,-0.31014897663229596,-0.10372997674960101,-0.023221212141331576,-0.3351218482082926,0.020154528366229187,-0.288113071557676,-0.3117597950322929,-0.30439184906262384,-0.18617723808619563,1.1617122380756648,-0.4070241549031835,-0.8725789946341107,0.8628098033291439,-0.8628098033291439,1.1188958935332423,-0.4070241549031835,-0.8402021363875857,-0.8118441408859888,1.1644287087836396,-0.4657771652600663,-1.1995745572199612,1.1995745572199614
0.04009400930621731,-0.5098294589868065,-0.30725549170559296,2.3720008859302864,-0.5134435764480522,-0.5468645177655107,-0.7643266436505708,-0.6915155806082388,-0.6919218077053055,-0.6934708750992279,-0.700030044406574,-0.6869804940855601,-0.7061680268620747,-0.17882450439526773,-0.5421856072033292,-0.2267913006260129,-1.40305338538167,-0.16268038082539393,0.6392485013207262,0.6061578326448629,0.6420799738931886,0.6641866396488463,0.7117374064672115,0.704476473838833,0.3970893597140899,-0.6404648025009164,0.5703962364557799,0.7431811958957041,0.5945082427831416,0.5249401761767302,0.6454610307450327,0.655543050095503,-0.2178235980491589,0.6959496475255463,-0.8028775457598746,-0.12251818840930302,-0.628861329228629,-0.5938665841726002,-0.48808950301857745,-0.5340718965359675,-0.6282478301775176,-0.5731557565380954,-0.41599240033283835,-0.3036304133323154,-0.23105160073103304,-0.3351218482082926,-0.18985938973796312,-0.288113071557676,-0.3117597950322929,-0.30439184906262384,-0.18617723808619563,1.1617122380756648,-0.4070241549031835,-0.8725789946341107,0.8628098033291439,-0.8628098033291439,1.1188958935332423,-0.4070241549031835,-0.8402021363875857,-0.8118441408859888,1.1644287087836396,-0.4657771652600663,-1.1995745572199612,1.1995745572199614
0.04009400930621731,-0.5098294589868065,-0.30725549170559296,1.2820164070266198,-0.5134435764480522,-0.5468645177655107,-0.7643266436505708,-0.6915155806082388,-0.6919218077053055,-0.6934708750992279,-0.700030044406574,-0.6869804940855601,-0.7061680268620747,-0.7594556022553625,-0.5421856072033292,-0.2267913006260129,1.20137839761888,-0.16268038082539393,-0.3860460128513022,-0.4017401643122391,-0.38775595615948133,-0.3803869623841687,-0.36015136384558616,-0.3635155499560636,0.3970893597140899,-0.6404648025009164,-0.4500267107231103,-0.34549226163713337,-0.44085800110956624,-0.47256002844542944,-0.41371573403670064,-0.40756533352127083,-0.2178235980491589,-0.38467408877999915,-0.7116674912811235,-0.4591595230155065,-0.6522706117677061,-0.5587591909688597,-0.2447178100191353,-0.5576399342243222,-0.6596894482393864,-0.5731557565380954,-0.10363669661212657,-0.2988135353423705,-0.22604363956019688,-0.3351218482082926,-0.18479881339810306,-0.288113071557676,-0.3117597950322929,-0.30439184906262384,-0.18617723808619563,1.1617122380756648,-0.4070241549031835,-0.8725789946341107,0.8628098033291439,-0.8628098033291439,1.1188958935332423,-0.4070241549031835,-0.8402021363875857,-0.8118441408859888,1.1644287087836396,-0.4657771652600663,-1.1995745572199612,1.1995745572199614
-0.10020832951766964,-0.5098294589868065,-0.15659452851829972,2.954294816437934,-0.5134435764480522,-0.5468645177655107,0.5670075200701915,0.3250152239441045,0.27491084450766423,0.13557107179524314,0.08927767057807745,0.1285518553020636,-0.07224502956283226,0.3617630694744756,-0.5421856072033292,-0.07129755211436097,1.20137839761888,0.007106768026526339,-0.3860460128513022,-0.4017401643122391,-0.38775595615948133,-0.3803869623841687,-0.36015136384558616,-0.3635155499560636,-0.5329916004718532,-0.6404648025009164,-0.4500267107231103,-0.34549226163713337,-0.44085800110956624,-0.47256002844542944,-0.41371573403670064,-0.40756533352127083,-0.2178235980491589,-0.38467408877999915,0.686886677393061,-0.5882053679478846,0.16323235342013917,0.2674043997477332,-0.19169048178836257,0.18833969347664523,0.2938257444123901,0.6332035598632657,-0.11586749223974481,-0.14547625266245703,-0.06662354228857847,-0.3351218482082926,-0.02370379991255796,-0.288113071557676,-0.3117597950322929,-0.30439184906262384,-0.18617723808619563,1.1617122380756648,-0.4070241549031835,-0.8725789946341107,0.8628098033291439,-0.8628098033291439,1.1188958935332423,-0.4070241549031835,-0.8402021363875857,-0.8118441408859888,1.1644287087836396,-0.4657771652600663,-1.1995745572199612,1.1995745572199614
0.04009400930621731,-0.5098294589868065,-0.30725549170559296,-0.5336555160537995,-0.5134435764480522,-0.5468645177655107,-0.09865956179018964,-0.18325017833206717,-0.20850548159882065,-0.27894990165199235,-0.3053761869142483,-0.27921431939174823,0.24471646908678896,-0.21886802838561908,-0.5421856072033292,-0.2267913006260129,-0.10083749388139503,-0.16268038082539393,-0.3860460128513022,-0.4017401643122391,-0.38775595615948133,-0.3803869623841687,-0.36015136384558616,-0.3635155499560636,0.3970893597140899,-0.6404648025009164,-0.4500267107231103,-0.34549226163713337,-0.44085800110956624,-0.47256002844542944,-0.41371573403670064,-0.40756533352127083,-0.2178235980491589,-0.38467408877999915,0.1852313777599296,-0.08324336603857929,-0.6522706117677061,-0.6016175670877117,-0.07613839340488761,-0.5730103935862927,-0.6596894482393864,-0.5731557565380954,0.09676018559423369,-0.18882815457196134,-0.17679868804697443,-0.3351218482082926,-0.13503647938947919,-0.288113071557676,-0.3117597950322929,-0.30439184906262384,-0.18617723808619563,1.1617122380756648,-0.4070241549031835,-0.8725789946341107,0.8628098033291439,-0.8628098033291439,1.1188958935332423,-0.4070241549031835,-0.8402021363875857,-0.8118441408859888,1.1644287087836396,-0.4657771652600663,-1.1995745572199612,1.1995745572199614
-1.0823247012848785,-0.5098294589868065,0.8980322137927531,-0.2081134850212377,-0.5134435764480522,-0.5468645177655107,4.5610100112324785,3.3746076376011342,3.658825127253058,3.0372178859258914,2.8518546730243575,2.9829150781587463,3.414331455583001,-0.53921622030843,-0.5421856072033292,1.0171586874672027,-1.40305338538167,1.1956168099899682,-0.3860460128513022,-0.4017401643122391,-0.38775595615948133,-0.3803869623841687,-0.36015136384558616,-0.3635155499560636,-0.5329916004718532,-0.6404648025009164,-0.4500267107231103,-0.34549226163713337,-0.44085800110956624,-0.47256002844542944,-0.41371573403670064,-0.40756533352127083,-0.2178235980491589,-0.38467408877999915,0.9301134893363974,4.00133816051669,-0.5280580921726037,0.5596620496645853,0.8542142086141179,0.5095822941418283,0.8084416155474673,-0.4275920381186249,0.20119236364543552,0.34263405031862876,0.18794781722892734,-0.3351218482082926,0.2335421640303282,-0.288113071557676,-0.3117597950322929,-0.30439184906262384,-0.18617723808619563,1.1617122380756648,-0.4070241549031835,-0.8725789946341107,0.8628098033291439,-0.8628098033291439,1.1188958935332423,-0.4070241549031835,-0.8402021363875857,-0.8118441408859888,1.1644287087836396,-0.4657771652600663,-1.1995745572199612,1.1995745572199614
0.04009400930621731,-0.5098294589868065,-0.30725549170559296,0.017634411498366188,-0.5134435764480522,-0.5468645177655107,-0.7643266436505708,-0.6915155806082388,-0.6919218077053055,-0.6934708750992279,-0.3053761869142483,-0.6869804940855601,-0.38920652821245344,0.461871879450354,-0.5421856072033292,-0.2267913006260129,1.20137839761888,-0.33246752967731424,0.6392485013207262,0.6061578326448629,0.6420799738931886,0.6641866396488463,0.7117374064672115,0.704476473838833,0.3970893597140899,-0.2204145152604851,0.5703962364557799,0.7431811958957041,0.5945082427831416,0.5249401761767302,0.6454610307450327,0.655543050095503,-0.2178235980491589,0.6959496475255463,0.1852313777599296,-0.5882053679478846,0.27980102565554293,0.5833709385813971,0.10154272880120915,0.2790254037122711,0.407400568839957,0.9570828333465874,0.31691450689136186,-0.18722252857531305,-0.17679868804697443,-0.15206185986709816,-0.13503647938947919,-0.288113071557676,-0.3117597950322929,0.06176345412130553,-0.18617723808619563,1.1617122380756648,-0.4070241549031835,-0.8725789946341107,0.8628098033291439,-0.8628098033291439,1.1188958935332423,-0.4070241549031835,-0.8402021363875857,1.2317635241028795,-0.8587902311723306,-0.4657771652600663,0.8336288844917824,-0.8336288844917823
-0.9420223624609914,-0.5098294589868065,0.7473712506054598,0.047669539361489446,-0.5134435764480522,-0.5468645177655107,0.5670075200701915,0.8332806262202761,0.7583271706141491,0.964613018689714,1.2732392430550545,1.3518503793834988,1.512562463685274,-0.25891155237597047,-0.052625814820457154,0.8616649389555507,-1.40305338538167,0.8560425122861277,0.6392485013207262,0.6061578326448629,-0.38775595615948133,-0.3803869623841687,-0.36015136384558616,-0.3635155499560636,1.327170319900033,-0.2204145152604851,-0.4500267107231103,-0.34549226163713337,-0.44085800110956624,0.5249401761767302,-0.41371573403670064,-0.40756533352127083,0.8094125752774279,-0.38467408877999915,3.134356472572884,-0.17301438860023355,-0.6522706117677061,-0.307536156484951,0.4054605503029515,-0.21129224993458734,-0.6596894482393864,-0.5731557565380954,0.6692555040100563,1.5885998237177161,1.5826650033068035,1.62306529980509,1.6429126746813536,1.845518446814077,-0.3117597950322929,-0.30439184906262384,-0.18617723808619563,1.1617122380756648,-0.4070241549031835,-0.8725789946341107,0.8628098033291439,-0.8628098033291439,1.1188958935332423,-0.4070241549031835,-0.8402021363875857,-0.8118441408859888,1.1644287087836396,-0.4657771652600663,-1.1995745572199612,1.1995745572199614
0.32069868695399123,-0.5098294589868065,-0.005933565331006445,1.5242351801163234,0.4213189582976915,-0.5468645177655107,-0.09865956179018964,-0.18325017833206717,-0.20850548159882065,-0.27894990165199235,-0.3053761869142483,-0.27921431939174823,-0.38920652821245344,-0.01865040843386228,0.926493769945287,-0.2267913006260129,1.20137839761888,-0.33246752967731424,-0.3860460128513022,-0.4017401643122391,-0.38775595615948133,-0.3803869623841687,-0.36015136384558616,-0.3635155499560636,0.3970893597140899,0.6196860592203776,-0.4500267107231103,-0.34549226163713337,-0.44085800110956624,-0.47256002844542944,-0.41371573403670064,-0.40756533352127083,-0.2178235980491589,-0.38467408877999915,3.1951631755587178,-0.0776326771284759,-0.2165713122648854,-0.20358179738816112,-0.13391443759662508,-0.09447675878361166,-0.07449035288378736,-0.5731557565380954,-0.400939113406539,0.11302953279792063,0.09530053556845802,0.7521435370909229,-0.17214737254845291,0.8965661851019942,1.0501623257694717,2.661466106727204,-0.18617723808619563,-0.8607983691869038,-0.4070241549031835,1.1460280457694483,-1.1590039845879228,1.1590039845879228,-0.8937381983253208,-0.4070241549031835,1.1901897849242074,1.2317635241028795,-0.8587902311723306,-0.4657771652600663,0.8336288844917824,-0.8336288844917823
0.04009400930621731,-0.5098294589868065,-0.30725549170559296,-1.0985096948989885,-0.5134435764480522,-0.5468645177655107,-0.09865956179018964,-0.18325017833206717,-0.20850548159882065,-0.27894990165199235,-0.3053761869142483,-0.27921431939174823,-0.38920652821245344,-0.21886802838561908,-0.5421856072033292,-0.2267913006260129,-1.40305338538167,-0.16268038082539393,-0.3860460128513022,-0.4017401643122391,-0.38775595615948133,-0.3803869623841687,-0.36015136384558616,-0.3635155499560636,0.3970893597140899,-0.6404648025009164,-0.4500267107231103,-0.34549226163713337,-0.44085800110956624,-0.47256002844542944,-0.41371573403670064,-0.40756533352127083,-0.2178235980491589,-0.38467408877999915,-0.42283565209841145,-0.5882053679478846,-0.43012129787646525,-0.38823756683640626,-0.2751887374353256,-0.30197796017021317,-0.36131490948899875,-0.5731557565380954,-0.3590721591427689,-0.28356008837421154,-0.21018509585254896,-0.3351218482082926,-0.1687736549885462,-0.288113071557676,-0.3117597950322929,-0.30439184906262384,-0.18617723808619563,1.1617122380756648,-0.4070241549031835,-0.8725789946341107,0.8628098033291439,-0.8628098033291439,1.1188958935332423,-0.4070241549031835,-0.8402021363875857,-0.8118441408859888,1.1644287087836396,-0.4657771652600663,-1.1995745572199612,1.1995745572199614
0.32069868695399123,0.6397473906205101,-0.15659452851829972,-0.5220290149454937,0.4213189582976915,1.8286064784126088,-0.09865956179018964,0.8332806262202761,0.7583271706141491,0.5500920452424786,0.4839315280704032,0.5363180299958754,0.24471646908678896,0.06143663954684044,-0.052625814820457154,-0.3822850491376648,-0.10083749388139503,-0.33246752967731424,-0.3860460128513022,-0.4017401643122391,-0.38775595615948133,-0.3803869623841687,-0.36015136384558616,-0.3635155499560636,-0.5329916004718532,0.6196860592203776,-0.4500267107231103,-0.34549226163713337,-0.44085800110956624,-0.47256002844542944,-0.41371573403670064,-0.40756533352127083,-0.2178235980491589,-0.38467408877999915,2.5566927942074598,-0.08324336603857929,0.0801055133834168,0.18807080991070937,1.0065688456950694,0.23752516343495078,0.485042115482531,0.5058353062462291,1.1025079183576099,0.04398761494204337,-0.05577295975176675,0.8686362569444102,-0.1907028191279398,0.38280222175468825,1.2857380439622093,0.38214934440724374,1.0672055549428765,-0.8607983691869038,-0.4070241549031835,1.1460280457694483,-1.1590039845879228,1.1590039845879228,-0.8937381983253208,-0.4070241549031835,1.1901897849242074,-0.8118441408859888,-0.8587902311723306,2.1469493882158233,0.8336288844917824,-0.8336288844917823
0.32069868695399123,-0.5098294589868065,-0.30725549170559296,-0.395106377846489,-0.04606230907518031,-0.5468645177655107,-0.09865956179018964,-0.18325017833206717,-0.20850548159882065,-0.27894990165199235,-0.3053761869142483,-0.27921431939174823,-0.38920652821245344,-0.13878098040491635,-0.5421856072033292,-0.3822850491376648,1.20137839761888,-0.33246752967731424,-0.3860460128513022,-0.4017401643122391,-0.38775595615948133,-0.3803869623841687,-0.36015136384558616,-0.3635155499560636,-0.5329916004718532,-0.2204145152604851,0.5703962364557799,-0.34549226163713337,0.5945082427831416,0.5249401761767302,0.6454610307450327,0.655543050095503,3.4036191824920285,0.6959496475255463,1.0821302468009828,-0.12251818840930302,-0.5925530542700607,-0.4361112848415068,-0.35987417207252986,-0.4198181486119869,-0.3876232021530114,-0.5731557565380954,-0.43998357637162794,-0.20408160154012028,-0.127553736533752,0.011582675165181707,-0.1907028191279398,-0.288113071557676,0.14834902956289778,0.2677258121622658,-0.18617723808619563,1.1617122380756648,-0.4070241549031835,-0.8725789946341107,-1.1590039845879228,1.1590039845879228,-0.8937381983253208,-0.4070241549031835,1.1901897849242074,1.2317635241028795,-0.8587902311723306,-0.4657771652600663,0.8336288844917824,-0.8336288844917823
0.04009400930621731,-0.5098294589868065,-0.30725549170559296,1.4040946686638303,-0.5134435764480522,-0.5468645177655107,-0.09865956179018964,-0.18325017833206717,-0.20850548159882065,-0.27894990165199235,-0.3053761869142483,-0.27921431939174823,-0.38920652821245344,-0.15880274240009204,-0.052625814820457154,-0.3822850491376648,-0.10083749388139503,-0.33246752967731424,-0.3860460128513022,-0.4017401643122391,-0.38775595615948133,-0.3803869623841687,-0.36015136384558616,-0.3635155499560636,-0.5329916004718532,-0.2204145152604851,-0.4500267107231103,-0.34549226163713337,-0.44085800110956624,-0.47256002844542944,-0.41371573403670064,-0.40756533352127083,-0.2178235980491589,-0.38467408877999915,1.3557604102372363,4.00133816051669,-0.5103816951533007,1.937513247868528,1.5827463822921226,2.308438388137774,2.949038306453474,-0.3029531042219534,-0.4371610850729468,-0.1896309675702855,-0.11252985302124345,0.06150812653096201,-0.1907028191279398,0.1440530858462343,0.2146047003046052,-0.30439184906262384,-0.18617723808619563,-0.8607983691869038,-0.4070241549031835,1.1460280457694483,0.8628098033291439,-0.8628098033291439,-0.8937381983253208,-0.4070241549031835,1.1901897849242074,1.2317635241028795,-0.8587902311723306,-0.4657771652600663,0.8336288844917824,-0.8336288844917823
0.04009400930621731,-0.5098294589868065,-0.30725549170559296,0.013758911128930927,-0.5134435764480522,-0.5468645177655107,-0.7643266436505708,-0.6915155806082388,-0.6919218077053055,-0.6934708750992279,-0.700030044406574,-0.6869804940855601,-0.7061680268620747,-0.1988462663904434,-0.5421856072033292,-0.2267913006260129,-1.40305338538167,-0.33246752967731424,0.6392485013207262,0.6061578326448629,0.6420799738931886,0.6641866396488463,0.7117374064672115,0.704476473838833,0.3970893597140899,-0.2204145152604851,0.5703962364557799,0.7431811958957041,0.5945082427831416,0.5249401761767302,0.6454610307450327,0.655543050095503,-0.2178235980491589,0.6959496475255463,-0.8028775457598746,-0.17301438860023355,-0.6522706117677061,-0.6289739773763406,-0.517768977774607,-0.5730103935862927,-0.6596894482393864,-0.5731557565380954,-0.4282231959604566,-0.3036304133323154,-0.23105160073103304,-0.3323482120213048,-0.18985938973796312,-0.288113071557676,-0.3117597950322929,-0.30439184906262384,-0.18617723808619563,-0.8607983691869038,2.4568566458613845,-0.8725789946341107,0.8628098033291439,-0.8628098033291439,-0.8937381983253208,2.4568566458613845,-0.8402021363875857,1.2317635241028795,-0.8587902311723306,-0.4657771652600663,0.8336288844917824,-0.8336288844917823
0.32069868695399123,0.6397473906205101,-0.15659452851829972,-0.027902717842498113,0.4213189582976915,1.8286064784126088,0.5670075200701915,0.3250152239441045,0.27491084450766423,0.13557107179524314,0.08927767057807745,0.1285518553020636,0.5616779677364101,-0.13878098040491635,0.4369339775624149,-0.2267913006260129,-0.10083749388139503,-0.33246752967731424,-0.3860460128513022,-0.4017401643122391,-0.38775595615948133,-0.3803869623841687,-0.36015136384558616,-0.3635155499560636,-0.5329916004718532,0.6196860592203776,-0.4500267107231103,-0.34549226163713337,-0.44085800110956624,-0.47256002844542944,-0.41371573403670064,-0.40756533352127083,-0.2178235980491589,-0.38467408877999915,0.09402132328117845,-0.13935025513961322,0.17230942215978126,0.7146817079668158,0.6314202847788563,0.37278520582029107,0.5107087424718116,0.9115941713405029,0.8475428710434144,-0.036293684890372054,-0.11252985302124345,0.22792629775022968,-0.09623872745055209,-0.0100761031579575,0.026880299869767435,0.2951874599010605,0.1525748681378779,-0.8607983691869038,-0.4070241549031835,1.1460280457694483,-1.1590039845879228,1.1590039845879228,-0.8937381983253208,-0.4070241549031835,1.1901897849242074,-0.8118441408859888,-0.8587902311723306,2.1469493882158233,0.8336288844917824,-0.8336288844917823
0.32069868695399123,0.6397473906205101,-0.45791645489288624,-0.5220290149454937,-0.04606230907518031,1.8286064784126088,-0.09865956179018964,-0.18325017833206717,-0.20850548159882065,-0.27894990165199235,-0.3053761869142483,-0.27921431939174823,-0.38920652821245344,0.021393115556489078,-0.052625814820457154,-0.3822850491376648,-0.10083749388139503,-0.33246752967731424,-0.3860460128513022,-0.4017401643122391,-0.38775595615948133,-0.3803869623841687,-0.36015136384558616,-0.3635155499560636,-0.5329916004718532,-0.2204145152604851,-0.4500267107231103,-0.34549226163713337,-0.44085800110956624,-0.47256002844542944,-0.41371573403670064,-0.40756533352127083,-0.2178235980491589,-0.38467408877999915,-0.42283565209841145,-0.408663322824576,-0.6164400772691189,-0.5952344046870316,-0.5276621360266168,-0.5345842451813665,-0.6115645226344851,-0.5049227635289686,-0.43998357637162794,-0.28356008837421154,-0.2318862609261724,-0.26300730734660993,-0.1907028191279398,-0.20953740657514688,-0.21605715951649324,-0.30439184906262384,-0.03938465872243044,-0.8607983691869038,-0.4070241549031835,1.1460280457694483,-1.1590039845879228,1.1590039845879228,-0.8937381983253208,-0.4070241549031835,1.1901897849242074,-0.8118441408859888,-0.8587902311723306,2.1469493882158233,0.8336288844917824,-0.8336288844917823
0.6013033646017651,0.6397473906205101,-0.15659452851829972,-0.03662259367372745,0.8887002256705634,-0.5468645177655107,-0.7643266436505708,-0.18325017833206717,-0.20850548159882065,-0.27894990165199235,-0.3053761869142483,-0.27921431939174823,-0.38920652821245344,0.6020242134165837,0.926493769945287,-0.3822850491376648,1.20137839761888,-0.33246752967731424,-0.3860460128513022,-0.4017401643122391,-0.38775595615948133,-0.3803869623841687,-0.36015136384558616,-0.3635155499560636,-0.5329916004718532,0.6196860592203776,0.5703962364557799,-0.34549226163713337,0.5945082427831416,0.5249401761767302,0.6454610307450327,0.655543050095503,-0.2178235980491589,0.6959496475255463,1.0973319225474414,-0.08324336603857929,0.5263151030058231,0.7680267080296421,-0.019549528203391318,0.6520152175627548,0.8892914905637014,1.0653458489210685,-0.1243349661357882,-0.10132153775462854,-0.02906383350730712,0.3666081070996194,-0.1907028191279398,0.47648859154154993,0.619500465948373,0.8078048843585617,-0.12971855371551672,-0.8607983691869038,-0.4070241549031835,1.1460280457694483,-1.1590039845879228,1.1590039845879228,-0.8937381983253208,-0.4070241549031835,1.1901897849242074,1.2317635241028795,-0.8587902311723306,-0.4657771652600663,0.8336288844917824,-0.8336288844917823
0.46100102577787816,0.6397473906205101,-0.30725549170559296,-0.5220290149454937,0.4213189582976915,-0.5468645177655107,-0.09865956179018964,0.3250152239441045,0.27491084450766423,0.13557107179524314,0.08927767057807745,0.1285518553020636,0.24471646908678896,0.4418501174551783,0.4369339775624149,-0.3822850491376648,-0.10083749388139503,-0.33246752967731424,-0.3860460128513022,-0.4017401643122391,-0.38775595615948133,-0.3803869623841687,-0.36015136384558616,-0.3635155499560636,-0.5329916004718532,0.19963577197994625,-0.4500267107231103,-0.34549226163713337,-0.44085800110956624,-0.47256002844542944,-0.41371573403670064,-0.40756533352127083,-0.2178235980491589,-0.38467408877999915,-0.3164239218732018,-0.5882053679478846,0.12740181892155195,0.15797875859321758,-0.1825887761965135,0.21190773116499997,0.32334236545006284,0.20561013700607136,-0.3482526091644912,-0.244222251456328,-0.20434247448657342,-0.1936664026719151,-0.1907028191279398,-0.13398388255348423,-0.1240353945974551,-0.30439184906262384,-0.09019747465604147,-0.8607983691869038,-0.4070241549031835,1.1460280457694483,-1.1590039845879228,1.1590039845879228,-0.8937381983253208,-0.4070241549031835,1.1901897849242074,1.2317635241028795,-0.8587902311723306,-0.4657771652600663,0.8336288844917824,-0.8336288844917823
0.04009400930621731,-0.5098294589868065,-0.30725549170559296,-0.436768006817918,-0.5134435764480522,-0.5468645177655107,-0.7643266436505708,-0.6915155806082388,-0.6919218077053055,-0.6934708750992279,-0.700030044406574,-0.6869804940855601,-0.7061680268620747,0.08145840154201613,-0.5421856072033292,-0.2267913006260129,1.20137839761888,-0.16268038082539393,0.6392485013207262,0.6061578326448629,0.6420799738931886,0.6641866396488463,0.7117374064672115,0.704476473838833,0.3970893597140899,-0.6404648025009164,0.5703962364557799,0.7431811958957041,0.5945082427831416,0.5249401761767302,0.6454610307450327,0.655543050095503,-0.2178235980491589,0.6959496475255463,-0.6964658155346649,-0.18423576642044034,-0.3665818166989706,-0.356777695004483,-0.5209347884152501,-0.27174939009167126,-0.2823900314969607,-0.03820909134654157,-0.43198651769203145,-0.2980107223440463,-0.22520897936505752,-0.3351218482082926,-0.1839553840081264,-0.288113071557676,-0.3117597950322929,-0.30439184906262384,-0.18617723808619563,1.1617122380756648,-0.4070241549031835,-0.8725789946341107,0.8628098033291439,-0.8628098033291439,1.1188958935332423,-0.4070241549031835,-0.8402021363875857,-0.8118441408859888,1.1644287087836396,-0.4657771652600663,-1.1995745572199612,1.1995745572199614
0.04009400930621731,-0.5098294589868065,-0.30725549170559296,1.9805753486173252,-0.5134435764480522,-0.5468645177655107,-0.7643266436505708,-0.6915155806082388,-0.6919218077053055,-0.6934708750992279,-0.700030044406574,-0.6869804940855601,-0.7061680268620747,-0.11875921840974069,-0.5421856072033292,-0.2267913006260129,1.20137839761888,-0.16268038082539393,0.6392485013207262,0.6061578326448629,0.6420799738931886,0.6641866396488463,0.7117374064672115,0.704476473838833,0.3970893597140899,-0.6404648025009164,0.5703962364557799,0.7431811958957041,0.5945082427831416,0.5249401761767302,0.6454610307450327,0.655543050095503,-0.2178235980491589,0.6959496475255463,-0.2100121916479921,-0.408663322824576,-0.6522706117677061,-0.6257823961760005,-0.5086672721827579,-0.5689116044231006,-0.6596894482393864,-0.5731557565380954,-0.41740364598217894,-0.27232070639767336,-0.19849985312059787,-0.3351218482082926,-0.15696564352887277,-0.288113071557676,-0.3117597950322929,-0.30439184906262384,-0.18617723808619563,-0.8607983691869038,2.4568566458613845,-0.8725789946341107,0.8628098033291439,-0.8628098033291439,-0.8937381983253208,2.4568566458613845,-0.8402021363875857,-0.8118441408859888,1.1644287087836396,-0.4657771652600663,-1.1995745572199612,1.1995745572199614
0.46100102577787816,-0.5098294589868065,-0.15659452851829972,-0.39607525293884777,0.4213189582976915,-0.5468645177655107,0.5670075200701915,0.3250152239441045,0.27491084450766423,0.13557107179524314,0.08927767057807745,0.1285518553020636,-0.07224502956283226,0.06143663954684044,-0.5421856072033292,-0.07129755211436097,-0.10083749388139503,-0.33246752967731424,-0.3860460128513022,-0.4017401643122391,-0.38775595615948133,-0.3803869623841687,-0.36015136384558616,-0.3635155499560636,-0.5329916004718532,0.19963577197994625,0.5703962364557799,-0.34549226163713337,0.5945082427831416,0.5249401761767302,0.6454610307450327,0.655543050095503,-0.2178235980491589,0.6959496475255463,-0.5140457065771626,-0.12251818840930302,-0.43680966431620155,-0.3663524386055031,-0.34246221354899253,-0.30812614391500137,-0.3279482944029339,-0.47308070012470943,-0.41175866338481665,-0.2562644464311903,-0.18180664921781062,-0.16870367698902494,-0.14009705572933923,-0.288113071557676,-0.3117597950322929,-0.30439184906262384,-0.18617723808619563,-0.8607983691869038,2.4568566458613845,-0.8725789946341107,-1.1590039845879228,1.1590039845879228,-0.8937381983253208,2.4568566458613845,-0.8402021363875857,1.2317635241028795,-0.8587902311723306,-0.4657771652600663,0.8336288844917824,-0.8336288844917823
0.46100102577787816,1.7893242402278267,-0.45791645489288624,-0.599539022334199,0.4213189582976915,1.8286064784126088,-0.09865956179018964,-0.18325017833206717,-0.20850548159882065,0.13557107179524314,0.08927767057807745,0.1285518553020636,-0.07224502956283226,0.021393115556489078,0.4369339775624149,-0.3822850491376648,-0.10083749388139503,-0.33246752967731424,-0.3860460128513022,-0.4017401643122391,-0.38775595615948133,-0.3803869623841687,-0.36015136384558616,-0.3635155499560636,-0.5329916004718532,0.19963577197994625,-0.4500267107231103,-0.34549226163713337,-0.44085800110956624,-0.47256002844542944,-0.41371573403670064,-0.40756533352127083,-0.2178235980491589,-0.38467408877999915,-0.30122224612674325,4.00133816051669,-0.25765699182326546,-0.06816756645944803,-0.351959645470922,-0.30351500610641025,-0.3221733033303457,0.17831693980242067,-0.08999465533516778,-0.17277189460547826,-0.2318862609261724,0.1197544864577057,-0.1907028191279398,0.2075180460244309,0.29190298283659727,-0.30439184906262384,0.7397451855929387,-0.8607983691869038,-0.4070241549031835,1.1460280457694483,-1.1590039845879228,1.1590039845879228,-0.8937381983253208,-0.4070241549031835,1.1901897849242074,-0.8118441408859888,-0.8587902311723306,2.1469493882158233,0.8336288844917824,-0.8336288844917823
